--
-- PostgreSQL database dump
--

\restrict 9giq4KcTW0SeZAfeEabYAdeBbS0dgVNdrllGOB3vE8NVSbzi8233P9WUppShMe7

-- Dumped from database version 16.13 (Ubuntu 16.13-0ubuntu0.24.04.1)
-- Dumped by pg_dump version 16.13 (Ubuntu 16.13-0ubuntu0.24.04.1)

SET statement_timeout = 0;
SET lock_timeout = 0;
SET idle_in_transaction_session_timeout = 0;
SET client_encoding = 'UTF8';
SET standard_conforming_strings = on;
SELECT pg_catalog.set_config('search_path', '', false);
SET check_function_bodies = false;
SET xmloption = content;
SET client_min_messages = warning;
SET row_security = off;

SET default_tablespace = '';

SET default_table_access_method = heap;

--
-- Name: auth_group; Type: TABLE; Schema: public; Owner: enron
--

CREATE TABLE public.auth_group (
    id integer NOT NULL,
    name character varying(150) NOT NULL
);


ALTER TABLE public.auth_group OWNER TO enron;

--
-- Name: auth_group_id_seq; Type: SEQUENCE; Schema: public; Owner: enron
--

ALTER TABLE public.auth_group ALTER COLUMN id ADD GENERATED BY DEFAULT AS IDENTITY (
    SEQUENCE NAME public.auth_group_id_seq
    START WITH 1
    INCREMENT BY 1
    NO MINVALUE
    NO MAXVALUE
    CACHE 1
);


--
-- Name: auth_group_permissions; Type: TABLE; Schema: public; Owner: enron
--

CREATE TABLE public.auth_group_permissions (
    id bigint NOT NULL,
    group_id integer NOT NULL,
    permission_id integer NOT NULL
);


ALTER TABLE public.auth_group_permissions OWNER TO enron;

--
-- Name: auth_group_permissions_id_seq; Type: SEQUENCE; Schema: public; Owner: enron
--

ALTER TABLE public.auth_group_permissions ALTER COLUMN id ADD GENERATED BY DEFAULT AS IDENTITY (
    SEQUENCE NAME public.auth_group_permissions_id_seq
    START WITH 1
    INCREMENT BY 1
    NO MINVALUE
    NO MAXVALUE
    CACHE 1
);


--
-- Name: auth_permission; Type: TABLE; Schema: public; Owner: enron
--

CREATE TABLE public.auth_permission (
    id integer NOT NULL,
    name character varying(255) NOT NULL,
    content_type_id integer NOT NULL,
    codename character varying(100) NOT NULL
);


ALTER TABLE public.auth_permission OWNER TO enron;

--
-- Name: auth_permission_id_seq; Type: SEQUENCE; Schema: public; Owner: enron
--

ALTER TABLE public.auth_permission ALTER COLUMN id ADD GENERATED BY DEFAULT AS IDENTITY (
    SEQUENCE NAME public.auth_permission_id_seq
    START WITH 1
    INCREMENT BY 1
    NO MINVALUE
    NO MAXVALUE
    CACHE 1
);


--
-- Name: auth_user; Type: TABLE; Schema: public; Owner: enron
--

CREATE TABLE public.auth_user (
    id integer NOT NULL,
    password character varying(128) NOT NULL,
    last_login timestamp with time zone,
    is_superuser boolean NOT NULL,
    username character varying(150) NOT NULL,
    first_name character varying(150) NOT NULL,
    last_name character varying(150) NOT NULL,
    email character varying(254) NOT NULL,
    is_staff boolean NOT NULL,
    is_active boolean NOT NULL,
    date_joined timestamp with time zone NOT NULL
);


ALTER TABLE public.auth_user OWNER TO enron;

--
-- Name: auth_user_groups; Type: TABLE; Schema: public; Owner: enron
--

CREATE TABLE public.auth_user_groups (
    id bigint NOT NULL,
    user_id integer NOT NULL,
    group_id integer NOT NULL
);


ALTER TABLE public.auth_user_groups OWNER TO enron;

--
-- Name: auth_user_groups_id_seq; Type: SEQUENCE; Schema: public; Owner: enron
--

ALTER TABLE public.auth_user_groups ALTER COLUMN id ADD GENERATED BY DEFAULT AS IDENTITY (
    SEQUENCE NAME public.auth_user_groups_id_seq
    START WITH 1
    INCREMENT BY 1
    NO MINVALUE
    NO MAXVALUE
    CACHE 1
);


--
-- Name: auth_user_id_seq; Type: SEQUENCE; Schema: public; Owner: enron
--

ALTER TABLE public.auth_user ALTER COLUMN id ADD GENERATED BY DEFAULT AS IDENTITY (
    SEQUENCE NAME public.auth_user_id_seq
    START WITH 1
    INCREMENT BY 1
    NO MINVALUE
    NO MAXVALUE
    CACHE 1
);


--
-- Name: auth_user_user_permissions; Type: TABLE; Schema: public; Owner: enron
--

CREATE TABLE public.auth_user_user_permissions (
    id bigint NOT NULL,
    user_id integer NOT NULL,
    permission_id integer NOT NULL
);


ALTER TABLE public.auth_user_user_permissions OWNER TO enron;

--
-- Name: auth_user_user_permissions_id_seq; Type: SEQUENCE; Schema: public; Owner: enron
--

ALTER TABLE public.auth_user_user_permissions ALTER COLUMN id ADD GENERATED BY DEFAULT AS IDENTITY (
    SEQUENCE NAME public.auth_user_user_permissions_id_seq
    START WITH 1
    INCREMENT BY 1
    NO MINVALUE
    NO MAXVALUE
    CACHE 1
);


--
-- Name: discovery_attachment; Type: TABLE; Schema: public; Owner: enron
--

CREATE TABLE public.discovery_attachment (
    id bigint NOT NULL,
    filename character varying(255) NOT NULL,
    content_type character varying(100) NOT NULL,
    data bytea NOT NULL,
    size integer NOT NULL,
    message_id bigint NOT NULL
);


ALTER TABLE public.discovery_attachment OWNER TO enron;

--
-- Name: discovery_attachment_id_seq; Type: SEQUENCE; Schema: public; Owner: enron
--

ALTER TABLE public.discovery_attachment ALTER COLUMN id ADD GENERATED BY DEFAULT AS IDENTITY (
    SEQUENCE NAME public.discovery_attachment_id_seq
    START WITH 1
    INCREMENT BY 1
    NO MINVALUE
    NO MAXVALUE
    CACHE 1
);


--
-- Name: discovery_collaborateur; Type: TABLE; Schema: public; Owner: enron
--

CREATE TABLE public.discovery_collaborateur (
    id bigint NOT NULL,
    email character varying(254) NOT NULL,
    nom character varying(200) NOT NULL
);


ALTER TABLE public.discovery_collaborateur OWNER TO enron;

--
-- Name: discovery_collaborateur_id_seq; Type: SEQUENCE; Schema: public; Owner: enron
--

ALTER TABLE public.discovery_collaborateur ALTER COLUMN id ADD GENERATED BY DEFAULT AS IDENTITY (
    SEQUENCE NAME public.discovery_collaborateur_id_seq
    START WITH 1
    INCREMENT BY 1
    NO MINVALUE
    NO MAXVALUE
    CACHE 1
);


--
-- Name: discovery_message; Type: TABLE; Schema: public; Owner: enron
--

CREATE TABLE public.discovery_message (
    id bigint NOT NULL,
    message_id character varying(255) NOT NULL,
    date timestamp with time zone NOT NULL,
    objet character varying(500) NOT NULL,
    corps text NOT NULL,
    in_reply_to character varying(255),
    expediteur_id bigint NOT NULL
);


ALTER TABLE public.discovery_message OWNER TO enron;

--
-- Name: discovery_message_destinataires; Type: TABLE; Schema: public; Owner: enron
--

CREATE TABLE public.discovery_message_destinataires (
    id bigint NOT NULL,
    message_id bigint NOT NULL,
    collaborateur_id bigint NOT NULL
);


ALTER TABLE public.discovery_message_destinataires OWNER TO enron;

--
-- Name: discovery_message_destinataires_id_seq; Type: SEQUENCE; Schema: public; Owner: enron
--

ALTER TABLE public.discovery_message_destinataires ALTER COLUMN id ADD GENERATED BY DEFAULT AS IDENTITY (
    SEQUENCE NAME public.discovery_message_destinataires_id_seq
    START WITH 1
    INCREMENT BY 1
    NO MINVALUE
    NO MAXVALUE
    CACHE 1
);


--
-- Name: discovery_message_id_seq; Type: SEQUENCE; Schema: public; Owner: enron
--

ALTER TABLE public.discovery_message ALTER COLUMN id ADD GENERATED BY DEFAULT AS IDENTITY (
    SEQUENCE NAME public.discovery_message_id_seq
    START WITH 1
    INCREMENT BY 1
    NO MINVALUE
    NO MAXVALUE
    CACHE 1
);


--
-- Name: django_admin_log; Type: TABLE; Schema: public; Owner: enron
--

CREATE TABLE public.django_admin_log (
    id integer NOT NULL,
    action_time timestamp with time zone NOT NULL,
    object_id text,
    object_repr character varying(200) NOT NULL,
    action_flag smallint NOT NULL,
    change_message text NOT NULL,
    content_type_id integer,
    user_id integer NOT NULL,
    CONSTRAINT django_admin_log_action_flag_check CHECK ((action_flag >= 0))
);


ALTER TABLE public.django_admin_log OWNER TO enron;

--
-- Name: django_admin_log_id_seq; Type: SEQUENCE; Schema: public; Owner: enron
--

ALTER TABLE public.django_admin_log ALTER COLUMN id ADD GENERATED BY DEFAULT AS IDENTITY (
    SEQUENCE NAME public.django_admin_log_id_seq
    START WITH 1
    INCREMENT BY 1
    NO MINVALUE
    NO MAXVALUE
    CACHE 1
);


--
-- Name: django_content_type; Type: TABLE; Schema: public; Owner: enron
--

CREATE TABLE public.django_content_type (
    id integer NOT NULL,
    app_label character varying(100) NOT NULL,
    model character varying(100) NOT NULL
);


ALTER TABLE public.django_content_type OWNER TO enron;

--
-- Name: django_content_type_id_seq; Type: SEQUENCE; Schema: public; Owner: enron
--

ALTER TABLE public.django_content_type ALTER COLUMN id ADD GENERATED BY DEFAULT AS IDENTITY (
    SEQUENCE NAME public.django_content_type_id_seq
    START WITH 1
    INCREMENT BY 1
    NO MINVALUE
    NO MAXVALUE
    CACHE 1
);


--
-- Name: django_migrations; Type: TABLE; Schema: public; Owner: enron
--

CREATE TABLE public.django_migrations (
    id bigint NOT NULL,
    app character varying(255) NOT NULL,
    name character varying(255) NOT NULL,
    applied timestamp with time zone NOT NULL
);


ALTER TABLE public.django_migrations OWNER TO enron;

--
-- Name: django_migrations_id_seq; Type: SEQUENCE; Schema: public; Owner: enron
--

ALTER TABLE public.django_migrations ALTER COLUMN id ADD GENERATED BY DEFAULT AS IDENTITY (
    SEQUENCE NAME public.django_migrations_id_seq
    START WITH 1
    INCREMENT BY 1
    NO MINVALUE
    NO MAXVALUE
    CACHE 1
);


--
-- Data for Name: auth_group; Type: TABLE DATA; Schema: public; Owner: enron
--

COPY public.auth_group (id, name) FROM stdin;
\.


--
-- Data for Name: auth_group_permissions; Type: TABLE DATA; Schema: public; Owner: enron
--

COPY public.auth_group_permissions (id, group_id, permission_id) FROM stdin;
\.


--
-- Data for Name: auth_permission; Type: TABLE DATA; Schema: public; Owner: enron
--

COPY public.auth_permission (id, name, content_type_id, codename) FROM stdin;
1	Can add log entry	1	add_logentry
2	Can change log entry	1	change_logentry
3	Can delete log entry	1	delete_logentry
4	Can view log entry	1	view_logentry
5	Can add permission	3	add_permission
6	Can change permission	3	change_permission
7	Can delete permission	3	delete_permission
8	Can view permission	3	view_permission
9	Can add group	2	add_group
10	Can change group	2	change_group
11	Can delete group	2	delete_group
12	Can view group	2	view_group
13	Can add user	4	add_user
14	Can change user	4	change_user
15	Can delete user	4	delete_user
16	Can view user	4	view_user
17	Can add content type	5	add_contenttype
18	Can change content type	5	change_contenttype
19	Can delete content type	5	delete_contenttype
20	Can view content type	5	view_contenttype
21	Can add collaborateur	6	add_collaborateur
22	Can change collaborateur	6	change_collaborateur
23	Can delete collaborateur	6	delete_collaborateur
24	Can view collaborateur	6	view_collaborateur
25	Can add message	7	add_message
26	Can change message	7	change_message
27	Can delete message	7	delete_message
28	Can view message	7	view_message
29	Can add folder	8	add_folder
30	Can change folder	8	change_folder
31	Can delete folder	8	delete_folder
32	Can view folder	8	view_folder
33	Can add message folder	9	add_messagefolder
34	Can change message folder	9	change_messagefolder
35	Can delete message folder	9	delete_messagefolder
36	Can view message folder	9	view_messagefolder
37	Can add attachment	10	add_attachment
38	Can change attachment	10	change_attachment
39	Can delete attachment	10	delete_attachment
40	Can view attachment	10	view_attachment
\.


--
-- Data for Name: auth_user; Type: TABLE DATA; Schema: public; Owner: enron
--

COPY public.auth_user (id, password, last_login, is_superuser, username, first_name, last_name, email, is_staff, is_active, date_joined) FROM stdin;
\.


--
-- Data for Name: auth_user_groups; Type: TABLE DATA; Schema: public; Owner: enron
--

COPY public.auth_user_groups (id, user_id, group_id) FROM stdin;
\.


--
-- Data for Name: auth_user_user_permissions; Type: TABLE DATA; Schema: public; Owner: enron
--

COPY public.auth_user_user_permissions (id, user_id, permission_id) FROM stdin;
\.


--
-- Data for Name: discovery_attachment; Type: TABLE DATA; Schema: public; Owner: enron
--

COPY public.discovery_attachment (id, filename, content_type, data, size, message_id) FROM stdin;
\.


--
-- Data for Name: discovery_collaborateur; Type: TABLE DATA; Schema: public; Owner: enron
--

COPY public.discovery_collaborateur (id, email, nom) FROM stdin;
\.


--
-- Data for Name: discovery_message; Type: TABLE DATA; Schema: public; Owner: enron
--

COPY public.discovery_message (id, message_id, date, objet, corps, in_reply_to, expediteur_id) FROM stdin;
\.


--
-- Data for Name: discovery_message_destinataires; Type: TABLE DATA; Schema: public; Owner: enron
--

COPY public.discovery_message_destinataires (id, message_id, collaborateur_id) FROM stdin;
\.


--
-- Data for Name: django_admin_log; Type: TABLE DATA; Schema: public; Owner: enron
--

COPY public.django_admin_log (id, action_time, object_id, object_repr, action_flag, change_message, content_type_id, user_id) FROM stdin;
\.


--
-- Data for Name: django_content_type; Type: TABLE DATA; Schema: public; Owner: enron
--

COPY public.django_content_type (id, app_label, model) FROM stdin;
1	admin	logentry
2	auth	group
3	auth	permission
4	auth	user
5	contenttypes	contenttype
6	discovery	collaborateur
7	discovery	message
8	discovery	folder
9	discovery	messagefolder
10	discovery	attachment
\.


--
-- Data for Name: django_migrations; Type: TABLE DATA; Schema: public; Owner: enron
--

COPY public.django_migrations (id, app, name, applied) FROM stdin;
1	contenttypes	0001_initial	2026-03-17 18:38:14.986091+01
2	auth	0001_initial	2026-03-17 18:38:15.152075+01
3	admin	0001_initial	2026-03-17 18:38:15.199388+01
4	admin	0002_logentry_remove_auto_add	2026-03-17 18:38:15.210628+01
5	admin	0003_logentry_add_action_flag_choices	2026-03-17 18:38:15.222937+01
6	contenttypes	0002_remove_content_type_name	2026-03-17 18:38:15.24592+01
7	auth	0002_alter_permission_name_max_length	2026-03-17 18:38:15.258082+01
8	auth	0003_alter_user_email_max_length	2026-03-17 18:38:15.269658+01
9	auth	0004_alter_user_username_opts	2026-03-17 18:38:15.278994+01
10	auth	0005_alter_user_last_login_null	2026-03-17 18:38:15.291523+01
11	auth	0006_require_contenttypes_0002	2026-03-17 18:38:15.296058+01
12	auth	0007_alter_validators_add_error_messages	2026-03-17 18:38:15.307214+01
13	auth	0008_alter_user_username_max_length	2026-03-17 18:38:15.328382+01
14	auth	0009_alter_user_last_name_max_length	2026-03-17 18:38:15.341462+01
15	auth	0010_alter_group_name_max_length	2026-03-17 18:38:15.355896+01
16	auth	0011_update_proxy_permissions	2026-03-17 18:38:15.366951+01
17	auth	0012_alter_user_first_name_max_length	2026-03-17 18:38:15.380016+01
31	discovery	0001_initial	2026-03-17 19:02:51.373405+01
32	discovery	0002_folder_messagefolder_message_search_vector_and_more	2026-03-17 19:03:16.217846+01
33	discovery	0003_remove_folder_owner_attachment	2026-03-17 19:03:30.512681+01
34	discovery	0004_delete_attachment	2026-03-17 19:03:39.091459+01
\.


--
-- Name: auth_group_id_seq; Type: SEQUENCE SET; Schema: public; Owner: enron
--

SELECT pg_catalog.setval('public.auth_group_id_seq', 1, false);


--
-- Name: auth_group_permissions_id_seq; Type: SEQUENCE SET; Schema: public; Owner: enron
--

SELECT pg_catalog.setval('public.auth_group_permissions_id_seq', 1, false);


--
-- Name: auth_permission_id_seq; Type: SEQUENCE SET; Schema: public; Owner: enron
--

SELECT pg_catalog.setval('public.auth_permission_id_seq', 40, true);


--
-- Name: auth_user_groups_id_seq; Type: SEQUENCE SET; Schema: public; Owner: enron
--

SELECT pg_catalog.setval('public.auth_user_groups_id_seq', 1, false);


--
-- Name: auth_user_id_seq; Type: SEQUENCE SET; Schema: public; Owner: enron
--

SELECT pg_catalog.setval('public.auth_user_id_seq', 1, false);


--
-- Name: auth_user_user_permissions_id_seq; Type: SEQUENCE SET; Schema: public; Owner: enron
--

SELECT pg_catalog.setval('public.auth_user_user_permissions_id_seq', 1, false);


--
-- Name: discovery_attachment_id_seq; Type: SEQUENCE SET; Schema: public; Owner: enron
--

SELECT pg_catalog.setval('public.discovery_attachment_id_seq', 1, false);


--
-- Name: discovery_collaborateur_id_seq; Type: SEQUENCE SET; Schema: public; Owner: enron
--

SELECT pg_catalog.setval('public.discovery_collaborateur_id_seq', 1, false);


--
-- Name: discovery_message_destinataires_id_seq; Type: SEQUENCE SET; Schema: public; Owner: enron
--

SELECT pg_catalog.setval('public.discovery_message_destinataires_id_seq', 1, false);


--
-- Name: discovery_message_id_seq; Type: SEQUENCE SET; Schema: public; Owner: enron
--

SELECT pg_catalog.setval('public.discovery_message_id_seq', 1, false);


--
-- Name: django_admin_log_id_seq; Type: SEQUENCE SET; Schema: public; Owner: enron
--

SELECT pg_catalog.setval('public.django_admin_log_id_seq', 1, false);


--
-- Name: django_content_type_id_seq; Type: SEQUENCE SET; Schema: public; Owner: enron
--

SELECT pg_catalog.setval('public.django_content_type_id_seq', 10, true);


--
-- Name: django_migrations_id_seq; Type: SEQUENCE SET; Schema: public; Owner: enron
--

SELECT pg_catalog.setval('public.django_migrations_id_seq', 34, true);


--
-- Name: auth_group auth_group_name_key; Type: CONSTRAINT; Schema: public; Owner: enron
--

ALTER TABLE ONLY public.auth_group
    ADD CONSTRAINT auth_group_name_key UNIQUE (name);


--
-- Name: auth_group_permissions auth_group_permissions_group_id_permission_id_0cd325b0_uniq; Type: CONSTRAINT; Schema: public; Owner: enron
--

ALTER TABLE ONLY public.auth_group_permissions
    ADD CONSTRAINT auth_group_permissions_group_id_permission_id_0cd325b0_uniq UNIQUE (group_id, permission_id);


--
-- Name: auth_group_permissions auth_group_permissions_pkey; Type: CONSTRAINT; Schema: public; Owner: enron
--

ALTER TABLE ONLY public.auth_group_permissions
    ADD CONSTRAINT auth_group_permissions_pkey PRIMARY KEY (id);


--
-- Name: auth_group auth_group_pkey; Type: CONSTRAINT; Schema: public; Owner: enron
--

ALTER TABLE ONLY public.auth_group
    ADD CONSTRAINT auth_group_pkey PRIMARY KEY (id);


--
-- Name: auth_permission auth_permission_content_type_id_codename_01ab375a_uniq; Type: CONSTRAINT; Schema: public; Owner: enron
--

ALTER TABLE ONLY public.auth_permission
    ADD CONSTRAINT auth_permission_content_type_id_codename_01ab375a_uniq UNIQUE (content_type_id, codename);


--
-- Name: auth_permission auth_permission_pkey; Type: CONSTRAINT; Schema: public; Owner: enron
--

ALTER TABLE ONLY public.auth_permission
    ADD CONSTRAINT auth_permission_pkey PRIMARY KEY (id);


--
-- Name: auth_user_groups auth_user_groups_pkey; Type: CONSTRAINT; Schema: public; Owner: enron
--

ALTER TABLE ONLY public.auth_user_groups
    ADD CONSTRAINT auth_user_groups_pkey PRIMARY KEY (id);


--
-- Name: auth_user_groups auth_user_groups_user_id_group_id_94350c0c_uniq; Type: CONSTRAINT; Schema: public; Owner: enron
--

ALTER TABLE ONLY public.auth_user_groups
    ADD CONSTRAINT auth_user_groups_user_id_group_id_94350c0c_uniq UNIQUE (user_id, group_id);


--
-- Name: auth_user auth_user_pkey; Type: CONSTRAINT; Schema: public; Owner: enron
--

ALTER TABLE ONLY public.auth_user
    ADD CONSTRAINT auth_user_pkey PRIMARY KEY (id);


--
-- Name: auth_user_user_permissions auth_user_user_permissions_pkey; Type: CONSTRAINT; Schema: public; Owner: enron
--

ALTER TABLE ONLY public.auth_user_user_permissions
    ADD CONSTRAINT auth_user_user_permissions_pkey PRIMARY KEY (id);


--
-- Name: auth_user_user_permissions auth_user_user_permissions_user_id_permission_id_14a6b632_uniq; Type: CONSTRAINT; Schema: public; Owner: enron
--

ALTER TABLE ONLY public.auth_user_user_permissions
    ADD CONSTRAINT auth_user_user_permissions_user_id_permission_id_14a6b632_uniq UNIQUE (user_id, permission_id);


--
-- Name: auth_user auth_user_username_key; Type: CONSTRAINT; Schema: public; Owner: enron
--

ALTER TABLE ONLY public.auth_user
    ADD CONSTRAINT auth_user_username_key UNIQUE (username);


--
-- Name: discovery_attachment discovery_attachment_pkey; Type: CONSTRAINT; Schema: public; Owner: enron
--

ALTER TABLE ONLY public.discovery_attachment
    ADD CONSTRAINT discovery_attachment_pkey PRIMARY KEY (id);


--
-- Name: discovery_collaborateur discovery_collaborateur_email_key; Type: CONSTRAINT; Schema: public; Owner: enron
--

ALTER TABLE ONLY public.discovery_collaborateur
    ADD CONSTRAINT discovery_collaborateur_email_key UNIQUE (email);


--
-- Name: discovery_collaborateur discovery_collaborateur_pkey; Type: CONSTRAINT; Schema: public; Owner: enron
--

ALTER TABLE ONLY public.discovery_collaborateur
    ADD CONSTRAINT discovery_collaborateur_pkey PRIMARY KEY (id);


--
-- Name: discovery_message_destinataires discovery_message_destin_message_id_collaborateur_056bd46a_uniq; Type: CONSTRAINT; Schema: public; Owner: enron
--

ALTER TABLE ONLY public.discovery_message_destinataires
    ADD CONSTRAINT discovery_message_destin_message_id_collaborateur_056bd46a_uniq UNIQUE (message_id, collaborateur_id);


--
-- Name: discovery_message_destinataires discovery_message_destinataires_pkey; Type: CONSTRAINT; Schema: public; Owner: enron
--

ALTER TABLE ONLY public.discovery_message_destinataires
    ADD CONSTRAINT discovery_message_destinataires_pkey PRIMARY KEY (id);


--
-- Name: discovery_message discovery_message_message_id_key; Type: CONSTRAINT; Schema: public; Owner: enron
--

ALTER TABLE ONLY public.discovery_message
    ADD CONSTRAINT discovery_message_message_id_key UNIQUE (message_id);


--
-- Name: discovery_message discovery_message_pkey; Type: CONSTRAINT; Schema: public; Owner: enron
--

ALTER TABLE ONLY public.discovery_message
    ADD CONSTRAINT discovery_message_pkey PRIMARY KEY (id);


--
-- Name: django_admin_log django_admin_log_pkey; Type: CONSTRAINT; Schema: public; Owner: enron
--

ALTER TABLE ONLY public.django_admin_log
    ADD CONSTRAINT django_admin_log_pkey PRIMARY KEY (id);


--
-- Name: django_content_type django_content_type_app_label_model_76bd3d3b_uniq; Type: CONSTRAINT; Schema: public; Owner: enron
--

ALTER TABLE ONLY public.django_content_type
    ADD CONSTRAINT django_content_type_app_label_model_76bd3d3b_uniq UNIQUE (app_label, model);


--
-- Name: django_content_type django_content_type_pkey; Type: CONSTRAINT; Schema: public; Owner: enron
--

ALTER TABLE ONLY public.django_content_type
    ADD CONSTRAINT django_content_type_pkey PRIMARY KEY (id);


--
-- Name: django_migrations django_migrations_pkey; Type: CONSTRAINT; Schema: public; Owner: enron
--

ALTER TABLE ONLY public.django_migrations
    ADD CONSTRAINT django_migrations_pkey PRIMARY KEY (id);


--
-- Name: auth_group_name_a6ea08ec_like; Type: INDEX; Schema: public; Owner: enron
--

CREATE INDEX auth_group_name_a6ea08ec_like ON public.auth_group USING btree (name varchar_pattern_ops);


--
-- Name: auth_group_permissions_group_id_b120cbf9; Type: INDEX; Schema: public; Owner: enron
--

CREATE INDEX auth_group_permissions_group_id_b120cbf9 ON public.auth_group_permissions USING btree (group_id);


--
-- Name: auth_group_permissions_permission_id_84c5c92e; Type: INDEX; Schema: public; Owner: enron
--

CREATE INDEX auth_group_permissions_permission_id_84c5c92e ON public.auth_group_permissions USING btree (permission_id);


--
-- Name: auth_permission_content_type_id_2f476e4b; Type: INDEX; Schema: public; Owner: enron
--

CREATE INDEX auth_permission_content_type_id_2f476e4b ON public.auth_permission USING btree (content_type_id);


--
-- Name: auth_user_groups_group_id_97559544; Type: INDEX; Schema: public; Owner: enron
--

CREATE INDEX auth_user_groups_group_id_97559544 ON public.auth_user_groups USING btree (group_id);


--
-- Name: auth_user_groups_user_id_6a12ed8b; Type: INDEX; Schema: public; Owner: enron
--

CREATE INDEX auth_user_groups_user_id_6a12ed8b ON public.auth_user_groups USING btree (user_id);


--
-- Name: auth_user_user_permissions_permission_id_1fbb5f2c; Type: INDEX; Schema: public; Owner: enron
--

CREATE INDEX auth_user_user_permissions_permission_id_1fbb5f2c ON public.auth_user_user_permissions USING btree (permission_id);


--
-- Name: auth_user_user_permissions_user_id_a95ead1b; Type: INDEX; Schema: public; Owner: enron
--

CREATE INDEX auth_user_user_permissions_user_id_a95ead1b ON public.auth_user_user_permissions USING btree (user_id);


--
-- Name: auth_user_username_6821ab7c_like; Type: INDEX; Schema: public; Owner: enron
--

CREATE INDEX auth_user_username_6821ab7c_like ON public.auth_user USING btree (username varchar_pattern_ops);


--
-- Name: discovery_attachment_message_id_067bf763; Type: INDEX; Schema: public; Owner: enron
--

CREATE INDEX discovery_attachment_message_id_067bf763 ON public.discovery_attachment USING btree (message_id);


--
-- Name: discovery_collaborateur_email_a021e9b2_like; Type: INDEX; Schema: public; Owner: enron
--

CREATE INDEX discovery_collaborateur_email_a021e9b2_like ON public.discovery_collaborateur USING btree (email varchar_pattern_ops);


--
-- Name: discovery_message_destinataires_collaborateur_id_d254899d; Type: INDEX; Schema: public; Owner: enron
--

CREATE INDEX discovery_message_destinataires_collaborateur_id_d254899d ON public.discovery_message_destinataires USING btree (collaborateur_id);


--
-- Name: discovery_message_destinataires_message_id_a9bbcd95; Type: INDEX; Schema: public; Owner: enron
--

CREATE INDEX discovery_message_destinataires_message_id_a9bbcd95 ON public.discovery_message_destinataires USING btree (message_id);


--
-- Name: discovery_message_expediteur_id_8ccac80d; Type: INDEX; Schema: public; Owner: enron
--

CREATE INDEX discovery_message_expediteur_id_8ccac80d ON public.discovery_message USING btree (expediteur_id);


--
-- Name: discovery_message_message_id_b152d38d_like; Type: INDEX; Schema: public; Owner: enron
--

CREATE INDEX discovery_message_message_id_b152d38d_like ON public.discovery_message USING btree (message_id varchar_pattern_ops);


--
-- Name: django_admin_log_content_type_id_c4bce8eb; Type: INDEX; Schema: public; Owner: enron
--

CREATE INDEX django_admin_log_content_type_id_c4bce8eb ON public.django_admin_log USING btree (content_type_id);


--
-- Name: django_admin_log_user_id_c564eba6; Type: INDEX; Schema: public; Owner: enron
--

CREATE INDEX django_admin_log_user_id_c564eba6 ON public.django_admin_log USING btree (user_id);


--
-- Name: auth_group_permissions auth_group_permissio_permission_id_84c5c92e_fk_auth_perm; Type: FK CONSTRAINT; Schema: public; Owner: enron
--

ALTER TABLE ONLY public.auth_group_permissions
    ADD CONSTRAINT auth_group_permissio_permission_id_84c5c92e_fk_auth_perm FOREIGN KEY (permission_id) REFERENCES public.auth_permission(id) DEFERRABLE INITIALLY DEFERRED;


--
-- Name: auth_group_permissions auth_group_permissions_group_id_b120cbf9_fk_auth_group_id; Type: FK CONSTRAINT; Schema: public; Owner: enron
--

ALTER TABLE ONLY public.auth_group_permissions
    ADD CONSTRAINT auth_group_permissions_group_id_b120cbf9_fk_auth_group_id FOREIGN KEY (group_id) REFERENCES public.auth_group(id) DEFERRABLE INITIALLY DEFERRED;


--
-- Name: auth_permission auth_permission_content_type_id_2f476e4b_fk_django_co; Type: FK CONSTRAINT; Schema: public; Owner: enron
--

ALTER TABLE ONLY public.auth_permission
    ADD CONSTRAINT auth_permission_content_type_id_2f476e4b_fk_django_co FOREIGN KEY (content_type_id) REFERENCES public.django_content_type(id) DEFERRABLE INITIALLY DEFERRED;


--
-- Name: auth_user_groups auth_user_groups_group_id_97559544_fk_auth_group_id; Type: FK CONSTRAINT; Schema: public; Owner: enron
--

ALTER TABLE ONLY public.auth_user_groups
    ADD CONSTRAINT auth_user_groups_group_id_97559544_fk_auth_group_id FOREIGN KEY (group_id) REFERENCES public.auth_group(id) DEFERRABLE INITIALLY DEFERRED;


--
-- Name: auth_user_groups auth_user_groups_user_id_6a12ed8b_fk_auth_user_id; Type: FK CONSTRAINT; Schema: public; Owner: enron
--

ALTER TABLE ONLY public.auth_user_groups
    ADD CONSTRAINT auth_user_groups_user_id_6a12ed8b_fk_auth_user_id FOREIGN KEY (user_id) REFERENCES public.auth_user(id) DEFERRABLE INITIALLY DEFERRED;


--
-- Name: auth_user_user_permissions auth_user_user_permi_permission_id_1fbb5f2c_fk_auth_perm; Type: FK CONSTRAINT; Schema: public; Owner: enron
--

ALTER TABLE ONLY public.auth_user_user_permissions
    ADD CONSTRAINT auth_user_user_permi_permission_id_1fbb5f2c_fk_auth_perm FOREIGN KEY (permission_id) REFERENCES public.auth_permission(id) DEFERRABLE INITIALLY DEFERRED;


--
-- Name: auth_user_user_permissions auth_user_user_permissions_user_id_a95ead1b_fk_auth_user_id; Type: FK CONSTRAINT; Schema: public; Owner: enron
--

ALTER TABLE ONLY public.auth_user_user_permissions
    ADD CONSTRAINT auth_user_user_permissions_user_id_a95ead1b_fk_auth_user_id FOREIGN KEY (user_id) REFERENCES public.auth_user(id) DEFERRABLE INITIALLY DEFERRED;


--
-- Name: discovery_attachment discovery_attachment_message_id_067bf763_fk_discovery; Type: FK CONSTRAINT; Schema: public; Owner: enron
--

ALTER TABLE ONLY public.discovery_attachment
    ADD CONSTRAINT discovery_attachment_message_id_067bf763_fk_discovery FOREIGN KEY (message_id) REFERENCES public.discovery_message(id) DEFERRABLE INITIALLY DEFERRED;


--
-- Name: discovery_message_destinataires discovery_message_de_collaborateur_id_d254899d_fk_discovery; Type: FK CONSTRAINT; Schema: public; Owner: enron
--

ALTER TABLE ONLY public.discovery_message_destinataires
    ADD CONSTRAINT discovery_message_de_collaborateur_id_d254899d_fk_discovery FOREIGN KEY (collaborateur_id) REFERENCES public.discovery_collaborateur(id) DEFERRABLE INITIALLY DEFERRED;


--
-- Name: discovery_message_destinataires discovery_message_de_message_id_a9bbcd95_fk_discovery; Type: FK CONSTRAINT; Schema: public; Owner: enron
--

ALTER TABLE ONLY public.discovery_message_destinataires
    ADD CONSTRAINT discovery_message_de_message_id_a9bbcd95_fk_discovery FOREIGN KEY (message_id) REFERENCES public.discovery_message(id) DEFERRABLE INITIALLY DEFERRED;


--
-- Name: discovery_message discovery_message_expediteur_id_8ccac80d_fk_discovery; Type: FK CONSTRAINT; Schema: public; Owner: enron
--

ALTER TABLE ONLY public.discovery_message
    ADD CONSTRAINT discovery_message_expediteur_id_8ccac80d_fk_discovery FOREIGN KEY (expediteur_id) REFERENCES public.discovery_collaborateur(id) DEFERRABLE INITIALLY DEFERRED;


--
-- Name: django_admin_log django_admin_log_content_type_id_c4bce8eb_fk_django_co; Type: FK CONSTRAINT; Schema: public; Owner: enron
--

ALTER TABLE ONLY public.django_admin_log
    ADD CONSTRAINT django_admin_log_content_type_id_c4bce8eb_fk_django_co FOREIGN KEY (content_type_id) REFERENCES public.django_content_type(id) DEFERRABLE INITIALLY DEFERRED;


--
-- Name: django_admin_log django_admin_log_user_id_c564eba6_fk_auth_user_id; Type: FK CONSTRAINT; Schema: public; Owner: enron
--

ALTER TABLE ONLY public.django_admin_log
    ADD CONSTRAINT django_admin_log_user_id_c564eba6_fk_auth_user_id FOREIGN KEY (user_id) REFERENCES public.auth_user(id) DEFERRABLE INITIALLY DEFERRED;


--
-- PostgreSQL database dump complete
--

\unrestrict 9giq4KcTW0SeZAfeEabYAdeBbS0dgVNdrllGOB3vE8NVSbzi8233P9WUppShMe7

